Status,UPC,Part Number,Description
Active,766536009770,2251486,US Organic White Label Vitamin Shoppe Vanilla 2lb (30 srv) VS-0977
Active,766536009794,2251494,US Organic White Label Vitamin Shoppe Chocolate 2lb (30 srv) VS-0979
Active,766536009800,2251502,US Organic White Label Vitamin Shoppe Chocolate Peanut Butter 2lb (30 srv) VS-0980
Active,766536009787,2251528,US Organic White Label Vitamin Shoppe Vanilla 5lb (65 srv) VS-0978
Active,766536009695,2251544,US Organic White Label Vitamin Shoppe Chocolate 5lb (65 srv) VS-0969
Active,766536080229,2251551,US Organic White Label Vitamin Shoppe Peanut Butter Chocolate 43g single serve
Active,,2254266,US Organic White Label Vitamin Shoppe Cookies and Cream 2lb (30 srv) VS-0982
Active,,2254274,US Organic White Label Vitamin Shoppe French Toast 2lb (30 srv) VS-0983
Active,,2254282,US Organic White Label Vitamin Shoppe Cookies and Cream 41g single serve
Active,,2254308,US Organic White Label Vitamin Shoppe French Toast 40g single serve
Active,,2261691,Vitamin Shoppe PLNT Fitness Organic Chocolate pouch (20 srv) VS-0960
Active,,2261709,Vitamin Shoppe PLNT Fitness Organic Vanilla Birthday Cake pouch (20 srv) VS-0961
Active,810100921224,13390911,"US Active Creatine For Her Single Serve, Raspberry Elderberry Lemonade, 8gm"
Active,810100920050,40003004,Blender Bottle - Black
Active,40004004,40004004,Eco Laminated Jute Cotton Bags
Active,,40016010,Eco 6oz cotton draw string bags
Active,814784029894,41707005,Blender Bottle Blue
Active,814784029924,41707006,Blender Bottle Teal
Active,814784029917,41707007,Blender Bottle Lavender
Active,814784025889,101011014,US Classic Protein Organic Chocolate 750 g sq tub
Active,814784026060,101011023,CA Classic Protein Organic Chocolate 750 g sq tub
Active,814784029429,101011032,AU/NZ Classic Protein Organic Chocolate 750 g sq tub
Active,814784024875,101011152,IN Classic Organic Chocolate 750 g sq tub
Active,814784027265,101011181,EU Classic Protein Organic Chocolate 750 g sq tub
Active,,101011251,CA AMZ Organic Classic Chocolate 750g tub srv 30)
Active,814784025872,101015014,US Classic Protein Organic Chocolate 375 g sq tub
Active,814784026053,101015023,CA Classic Protein Organic Chocolate 375 g sq tub
Active,814784029436,101015032,AU/NZ Classic Protein Organic Chocolate 375 g sq tub
Active,814784026459,101015152,IN Classic Protein Organic Chocolate 375 g sq tub
Active,814784027210,101015181,EU Classic Protein Organic Chocolate 375 g sq tub
Active,,101015251,CA AMZ Organic Classic Chocolate 375g tub (srv 15)
Active,814784024042,101019013,US Classic Org Choc 25 g single serve
Active,814784025902,101021014,US Classic Protein Organic Unflavored 750 g sq tub
Active,814784026084,101021023,CA Classic Protein Organic Natural 750 g sq tub
Active,814784029467,101021032,AU/NZ Classic Protein Organic Unflavored 750 g sq tub
Active,814784024882,101021152,IN Classic Protein Organic Unflavored 750 g sq tub
Active,814784027258,101021181,EU Classic Protein Organic Unflavored 750 g sq tub
Active,,101021251,CA AMZ Organic Classic Unflavored 750g tub (srv 30)
Active,814784025896,101025014,US Classic Protein Organic Unflavored 375 g sq tub
Active,814784027531,101025023,CA Classic Protein Organic Natural 375 g sq tub
Active,814784029474,101025032,AU/NZ Classic Protein Organic Unflavored 375 g sq tub
Active,814784028378,101025152,IN Classic Protein Organic Unflavored 375 g sq tub
Active,814784027227,101025181,EU Classic Protein Organic Unflavored 375 g sq tub
Active,,101025251,CA AMZ Organic Classic Unflavored 375g tub (srv 15)
Active,814784025926,101031014,US Classic Protein Organic Vanilla 750 g sq tub
Active,814784026107,101031023,CA Classic Protein Organic Vanilla 750 g sq tub
Active,814784029443,101031032,AU/NZ Classic Protein Organic Vanilla 750 g sq tub
Active,814784024899,101031152,IN Classic Organic Vanilla 750 g sq tub
Active,814784027241,101031181,EU Classic Protein Organic Vanilla 750 g sq tub
Active,,101031251,CA AMZ Organic Classic Vanilla 750g tub (srv 30)
Active,814784025919,101035014,US Classic Protein Organic Vanilla 375 g sq tub
Active,814784026091,101035023,CA Classic Protein Organic Vanilla 375 g sq tub
Active,814784029450,101035032,AU/NZ Classic Protein Organic Vanilla 375 g sq tub
Active,814784026466,101035152,IN Classic Protein Organic Vanilla 375 g sq tub
Active,814784027234,101035181,EU Classic Protein Organic Vanilla 375 g sq tub
Active,,101035251,CA AMZ Organic Classic Vanilla 375g tub (srv 15)
Active,814784024127,101039013,US Classic Org Van 25 g single serve
Active,814784024257,102011015,US Organic Warrior Blend Chocolate 750g tub (30 srv)
Active,814784021409,102011025,CA Warrior Blend Organic Chocolate 750 g sq tub
Active,814784029542,102011031,AU/NZ Warrior Blend Organic Chocolate 750 g sq tub
Active,814784029719,102011121,SE Organic Warrior Blend Chocolate 750g Tub
Active,814784025285,102011151,IN Warrior Blend Organic Chocolate 750 g sq tub
Active,814784027272,102011171,MX Warrior Blend Organic Chocolate 750 g sq tub
Active,814784027111,102011181,EU Warrior Blend Organic Chocolate 750 g sq tub
Active,814784028934,102011215,(Amazon) US Warrior Blend Choc 750 g sq tub
Active,,102011251,CA AMZ Organic Warrior Blend Chocolate 750g tub (30 srv)
Active,814784028910,102014211,US Non-Retail Warrior Blend Chocolate 425g tub (17 srv)
Active,814784024240,102015015,US Organic Warrior Blend Chocolate 375g tub (15 srv)
Active,814784021393,102015024,CA Warrior Blend Organic Chocolate 375 g sq tub
Active,814784029559,102015031,AU/NZ Warrior Blend Organic Chocolate 375 g sq tub
Active,814784026473,102015151,IN Warrior Blend Organic Chocolate 375 g sq tub
Active,814784027067,102015181,EU Warrior Blend Organic Chocolate 375 g sq tub
Active,,102015251,CA AMZ Organic Warrior Blend Chocolate 375g tub (15 srv)
Active,814784021904,102018015,US Warrior Blend Organic Chocolate 9.1 kg (20 lb) box
Active,814784025964,102019015,US Warrior Blend Organic Chocolate 25 g single serve
Active,814784024295,102021015,US Organic Warrior Blend Unflavored 750g tub (30 srv)
Active,814784021423,102021025,CA Warrior Blend Organic Unflavoured 750 g sq tub
Active,814784029580,102021031,AU/NZ Warrior Blend Organic Unflavored 750 g sq tub
Active,814784029733,102021121,SE Organic Warrior Blend Unflavored 750g Tub
Active,814784025308,102021151,IN Warrior Blend Organic Unflavored 750 g sq tub
Active,814784027135,102021181,EU Warrior Blend Organic Unflavoured 750 g sq tub
Active,,102021215,(AMAZON ONLY) US WB 4.0 Unflavored 750 g sq tub (30 srv)
Active,,102021251,CA AMZ Organic Warrior Blend Unflavored 750g tub (30 srv)
Active,,102025014,US Warrior Blend Organic Natural 375 g sq tub 
Active,814784024288,102025015,US Organic Warrior Blend Unflavored 375g tub (15 srv)
Active,814784021416,102025024,CA Warrior Blend Organic Unflavoured 375 g sq tub
Active,814784029597,102025031,AU/NZ Warrior Blend Organic Unflavored 375 g sq tub
Active,814784027555,102025151,IN Warrior Blend Organic Unflavored 375 g sq tub
Active,814784027081,102025181,EU Warrior Blend Organic Unflavoured 375 g sq tub
Active,,102025251,CA AMZ Organic Warrior Blend Unflavored 375g tub (15 srv)
Active,814784025995,102026015,US Warrior Blend Organic Unflavored Travel Pack 12 ct single serve 300 g total
Active,814784024318,102031015,US Organic Warrior Blend Vanilla 750g tub (30 srv)
Active,814784021447,102031025,CA Warrior Blend Organic Vanilla 750 g sq tub
Active,814784029566,102031031,AU/NZ Warrior Blend Organic Vanilla 750 g sq tub
Active,814784029726,102031121,SE Organic Warrior Blend Vanilla 750g Tub
Active,814784025315,102031151,IN Warrior Blend Organic Vanilla 750 g sq tub
Active,814784027289,102031171,MX Warrior Blend Organic Vanilla 750 g sq tub
Active,814784027142,102031181,EU Warrior Blend Organic Vanilla 750 g sq tub
Active,,102031215,(AMAZON ONLY) US WB 4.0 Van 750 g sq tub (30 srv)
Active,,102031251,CA AMZ Organic Warrior Blend Vanilla 750g tub (30 srv)
Active,814784026619,102034211,US Non-Retail Warrior Blend Vanilla 425g tub (17 srv)
Active,814784024301,102035015,US Organic Warrior Blend Vanilla 375g tub (15 srv)
Active,814784021430,102035024,CA Warrior Blend Organic Vanilla 375 g sq tub
Active,814784029573,102035031,AU/NZ Warrior Blend Organic Vanilla 375 g sq tub
Active,814784026480,102035151,IN Warrior Blend Organic Vanilla 375 g sq tub
Active,814784027098,102035181,EU Warrior Blend Organic Vanilla 375 g sq tub
Active,,102035215,US WB 4.0 Van 375 g sq tub (15 srv) (AMAZON ONLY)
Active,,102035251,CA AMZ Organic Warrior Blend Vanilla 375g tub (15 srv)
Active,814784021928,102038015,US Warrior Blend Organic Vanilla 9.1 kg (20 lb) box
Active,814784026008,102039015,US Warrior Blend Organic Vanilla 25 g single serve
Active,814784024271,102071015,US Organic Warrior Blend Mocha 750g tub (30 srv)
Active,814784021973,102071025,CA Warrior Blend Organic Mocha 750 g sq tub
Active,814784029603,102071031,AU/NZ Warrior Blend Organic Mocha 750 g sq tub
Active,814784026824,102071171,MX Warrior Blend Organic Mocha 750 g sq tub
Active,814784027128,102071181,EU Warrior Blend Organic Mocha 750 g sq tub
Active,,102071215,(AMAZON ONLY) US WB 4.0 Mocha 750 g sq tub (30 srv)
Active,,102071251,CA AMZ Organic Warrior Blend Mocha 750g tub (30 srv)
Active,814784024264,102075015,US Organic Warrior Blend Mocha 375g tub (15 srv)
Active,814784021966,102075025,CA Warrior Blend Organic Mocha 375 g sq tub
Active,814784029610,102075031,AU/NZ Warrior Blend Organic Mocha 375 g sq tub
Active,814784027074,102075181,EU Warrior Blend Organic Mocha 375 g sq tub
Active,,102075251,CA AMZ Organic Warrior Blend Mocha 375g tub (15 srv)
Active,814784024233,102081015,US Organic Warrior Blend Berry 750g tub (30 srv)
Active,814784021959,102081025,CA Warrior Blend Organic Berry 750 g sq tub
Active,814784029627,102081031,AU/NZ Warrior Blend Organic Berry 750 g sq tub
Active,,102081171,MX Warrior Blend Berry 750g (30 srv)
Active,814784027104,102081181,EU Warrior Blend Organic Berry 750 g sq tub
Active,,102081215,(AMAZON ONLY) US WB 4.0 Berry 750 g sq tub (30 srv)
Active,,102081251,CA AMZ Organic Warrior Blend Berry 750g tub (30 srv)
Active,814784024226,102085015,US Warrior Blend Organic Berry 375 g sq tub
Active,814784021942,102085025,CA Warrior Blend Organic Berry 375 g sq tub
Active,814784029634,102085031,AU/NZ Warrior Blend Organic Berry 375 g sq tub
Active,814784027050,102085181,EU Warrior Blend Organic Berry 375 g sq tub
Active,,102085251,CA AMZ Organic Warrior Blend Berry 375g tub (15 srv)
Active,814784026329,102198015,US Warrior Blend Organic Vanilla 9.1 kg (20 lb) box
Active,,102211015,US WB 4.0 Choc (Hemp Free) 750 g sq tub
Active,814784028538,102211105,US WB 4.0 Choc (Hemp Free) 750 g sq tub
Active,,102215015,US WB 4.0 Choc (Hemp Free) 375 g sq tub (15 srv)
Active,814784028545,102215105,US Warrior Blend Organic Chocolate (Hemp Free) 375 g sq tub
Active,,102221015,US WB 4.0 Van (Hemp Free) 750 g sq tub
Active,814784028552,102221105,US Warrior Blend Organic Vanilla (Hemp Free) 750 g sq tub
Active,,102225015,US Warrior Blend Organic Vanilla (Hemp Free) 375 g sq tub
Active,814784028569,102225105,US Warrior Blend Organic Vanilla (Hemp Free) 375 g sq tub
Active,,102231015,US WB 4.0 Unflavored (Hemp Free) 750 g sq tub
Active,814784028613,102231105,US Warrior Blend Organic Unflavored (Hemp Free) 750 g sq tub
Active,,102235015,US WB 4.0 Unflavored (Hemp Free) 375 g sq tub
Active,814784028620,102235105,US Warrior Blend Organic Unflavored (Hemp Free) 375 g sq tub
Active,,102241015,US WB 4.0 Mocha (Hemp Free) 750 g sq tub
Active,814784028590,102241105,US Warrior Blend Organic Mocha (Hemp Free) 750 g sq tub
Active,,102245015,US WB 4.0 Mocha (Hemp Free) 375 g sq tub
Active,814784028606,102245105,US Warrior Blend Organic Mocha (Hemp Free) 375 g sq tub
Active,,102251015,US WB 4.0 Berry (Hemp Free) 750 g sq tub
Active,814784028576,102251105,US Warrior Blend Organic Berry (Hemp Free) 750 g sq tub
Active,,102255015,US WB 4.0 Berry (Hemp Free) 375 g sq tub
Active,814784028583,102255105,US Warrior Blend Organic Berry (Hemp Free) 375 g sq tub
Active,814784028521,102521011,US Organic Warrior Blend Maple French Toast 750g tub (30 srv)
Active,810100921354,102521021,CA Organic Warrior Blend Maple French Toast 750g tub
Active,810100920678,102711011,US Organic Warrior Blend Chocolate Peanut Butter 750g tub (30 srv)
Active,810100921361,102711021,CA Organic Warrior Blend Chocolate Peanut Butter 750g tub
Active,810100921194,102719011,"US Organic Warrior Blend, Chocolate Peanut Butter, 25gm"
Active,810100920968,102925241,US Organic Warrior Blend Creamy Vanilla 390g Tub (15 srv)
Active,810100920975,102935241,US Organic Warrior Blend Rich Chocolate 390g Tub (15 srv)
Active,814784021317,104012213,US Ormus Supergreens Organic Mint 225 g (7.9 oz) sq tub
Active,814784027760,104022021,CA Ormus Supergreens Unflavoured 225 g sq tub
Active,814784029214,104022031,AU Ormus Supergreens Organic Unfl 225 g (7.9 oz) sq tub
Active,814784021294,104022213,US Ormus Supergreens Organic Natural 225 g (7.9 oz) sq tub
Active,,104022251,CA AMZ Ormus Supergreens Unflavoured 225 g sq tub
Active,814784025865,104024010,US Ormus Supergreens Organic Natural 450 g (15.8 oz) sq tub
Active,814784027784,104024021,CA Ormus Supergreens Organic Unflavoured 450 g sq tub
Active,814784029191,104024031,AU Ormus Supergreens Organic Unflavored 450 g (15.8 oz) sq tub
Active,,104025251,CA AMZ Ormus Supergreens Unflavoured 450 g sq tub
Active,814784027753,104112021,CA Ormus Supergreens Organic Mint 225 g sq tub
Active,814784029207,104112031,AU Ormus Supergreens Organic Mint 225 g (7.9 oz) sq tub
Active,814784028316,104112171,MX Ormus Supergreens Organic Mint 225 g sq tub
Active,,104112251,CA AMZ Ormus Supergreens Organic Mint 225 g sq tub
Active,814784025858,104114010,US Ormus Supergreens Organic Mint 450 g (15.8 oz) sq tub
Active,814784027777,104114021,CA Ormus Supergreens Organic Mint 450 g sq tub
Active,814784029184,104114031,AU Ormus Supergreens Organic Mint 450 g (15.8 oz) sq tub
Active,,104115251,CA AMZ Ormus Supergreens Mint 450 g sq tub
Active,814784028347,105011012,US Silver Strength 236.5 ml (8 fl oz) bottle
Active,814784024486,105021012,US Liquid Light 946.4 ml (32 fl oz) bottle
Active,814784023793,105021021,CA Liquid Light 946.4 ml (32 fl oz) bottle
Active,814784024172,108011011,US Classic Plus Organic Chocolate 750 g sq tub
Active,814784020013,108011021,CA Classic Plus Organic Chocolate 750 g sq tub
Active,814784029481,108011031,AU/NZ Classic Plus Organic Chocolate 750 g sq tub
Active,814784024844,108011141,IL Classic Plus Organic Chocolate 750 g sq tub
Active,814784025766,108011151,IN Classic Plus Organic Chocolate 750 g sq tub
Active,,108011171,MX Classic Plus Chocolate 750g (30 srv)
Active,814784027180,108011181,EU Classic Plus Organic Chocolate 750 g sq tub
Active,,108011211,(AMAZON ONLY) US Plus Choc 750 g sq tub (30 srv)
Active,,108011251,CA AMZ Organic Classic Plus Chocolate 750g tub (srv 30)
Active,814784024165,108015011,US Classic Plus Organic Chocolate 375 g sq tub
Active,814784020006,108015021,CA Classic Plus Organic Chocolate 375 g sq tub
Active,814784029498,108015031,AU/NZ Classic Plus Organic Chocolate 375 g sq tub
Active,814784026497,108015151,IN Classic Plus Organic Chocolate 375 g sq tub
Active,814784027159,108015181,EU Classic Plus Organic Chocolate 375 g sq tub
Active,,108015251,CA AMZ Organic Classic Plus Chocolate 375g tub (srv 15)
Active,814784026114,108018011,"Classic Plus Bulk Box, Chocolate, 20lb"
Active,814784029009,108018012,US Classic Plus Organic Chocolate 9.1 kg (20 lb) box
Active,814784028941,108019011,US Classic Plus Organic Chocolate 25 g single serve
Active,814784024196,108021011,US Classic Plus Organic Unflavored 750 g sq tub
Active,814784020037,108021021,CA Classic Plus Organic Natural 750 g sq tub
Active,814784029528,108021031,AU/NZ Classic Plus Organic Unflavored 750 g sq tub
Active,814784024851,108021141,IL Classic Plus Organic Natural 750 g sq tub
Active,814784025773,108021151,IN Classic Plus Organic Unflavored 750 g sq tub
Active,814784027197,108021181,EU Organic Classic Plus Unflavored 750 g sq tub
Active,,108021251,CA AMZ Organic Classic Plus Unflavored 750g tub (srv 30)
Active,814784024189,108025011,US Classic Plus Organic Unflavored 375 g sq tub
Active,814784020020,108025021,CA Classic Plus Organic Natural 375 g sq tub
Active,814784029535,108025031,AU/NZ Classic Plus Organic Unflavored 375 g sq tub
Active,814784028903,108025151,IN Classic Plus Organic Unflavored 375 g sq tub
Active,814784027166,108025181,EU Classic Plus Organic Unflavored 375 g sq tub
Active,,108025251,CA AMZ Organic Classic Plus Unflavored 375g tub (srv 15)
Active,814784024219,108031011,US Classic Plus Organic Vanilla 750 g sq tub
Active,814784020051,108031021,CA Classic Plus Organic Vanilla 750 g sq tub
Active,814784029504,108031031,AU/NZ Classic Plus Organic Vanilla 750 g sq tub
Active,814784024868,108031141,IL Classic Plus Organic Vanilla 750 g sq tub
Active,814784025780,108031151,IN Classic Plus Organic Vanilla 750 g sq tub
Active,814784027296,108031171,MX Classic Plus Organic Vanilla 750 g sq tub
Active,814784027203,108031181,EU Classic Plus Organic Vanilla 750 g sq tub
Active,,108031211,(AMAZON ONLY) US Plus Van 750 g sq tub (30 srv)
Active,,108031251,CA AMZ Organic Classic Plus Vanilla 750g tub (srv 30)
Active,814784024202,108035011,US Classic Plus Organic Vanilla 375 g sq tub
Active,814784020044,108035021,CA Classic Plus Organic Vanilla 375 g sq tub
Active,814784029511,108035031,AU/NZ Classic Plus Organic Vanilla 375 g sq tub
Active,814784026503,108035151,IN Classic Plus Organic Vanilla 375 g sq tub
Active,814784027173,108035181,EU Classic Plus Organic Vanilla 375 g sq tub
Active,,108035251,CA AMZ Organic Classic Plus Vanilla 375g tub (srv 15)
Active,814784026138,108038011,"Classic Plus Bulk Box, Vanilla, 20lb"
Active,814784029016,108038012,US Classic Plus Organic Vanilla 9.1 kg (20 lb) box
Active,814784028958,108039011,US Classic Plus Organic Vanilla 25 g sample
Active,814784023328,113021010,US Enzorb 90 count capsules bottle
Active,814784025957,115001010,US Probiotics 30 vegetarian capsules bottle
Active,814784026350,116000010,US Magnesium Liquid 118 ml (4 fl oz) bottle
Active,814784026381,117000010,US Omega-3 Vegan DHA + EPA 60 capsules bottle
Active,814784026534,119015011,US Collagen Building Protein Peptides Chocolate Fudge 500g tub (20 srv)
Active,814784029405,119015012,US Organic Collagen Builder Chocolate Fudge 495g tub (15 srv)
Active,814784027562,119015021,CA Joint and Tissue Support Chocolate 500g tub (srv 20)
Active,814784029160,119015031,AU Collagen Building Protein Peptides Chocolate Fudge 500 g sq tub
Active,814784029702,119015121,SE Collagen Building 1.5 Chocolate 500 g sq tub
Active,814784027708,119015141,IL Collagen Builder 1.5 Choc Fudge 500 g sq tub
Active,814784028323,119015151,IN Collagen Building Protein Peptides Chocolate Fudge 500 g sq tub
Active,814784026534,119015171,MX Collagen Builder 1.5 Chocolate 500 g sq tub
Active,814784026794,119015181,EU Collagen Building Protein Peptides Chocolate Fudge 500 g sq tub
Pre-Market,,119015251,"CA AMZ Collagen Building Protein Peptides Chocolate Fudge, 500gm"
Active,814784026718,119016011,"Sunwarrior Collagen, Chocolate Fudge, 300gm"
Active,814784028873,119018012,US Collagen Builder 1.5 Chocolate Fudge 9.1 kg (20 lb) box
Active,814784028811,119019012,US Collagen Building Protein Peptides Chocolate Fudge 25 g single serve
Active,814784026770,119025011,US Collagen Building Protein Peptides Unflavored 500g tub (20 srv)
Active,814784029412,119025012,US Organic Collagen Builder Unflavored 495g tub (15 srv)
Active,814784027579,119025021,CA Joint and Tissue Support Unflavored 500g tub (srv 20)
Active,814784029146,119025031,AU Collagen Building Protein Peptides Unfl 500 g sq tub
Active,814784029696,119025121,SE Collagen Building 1.5 Natural 500 g sq tub
Active,814784027715,119025141,IL Collagen Builder 1.5 Nat 500 g sq tub
Active,814784029788,119025151,IN Collagen Builder Unflavored 500 g sq tub
Active,814784026800,119025181,EU Collagen Builder 1.5 Unflavoured 500 g sq tub
Active,,119025211,(AMZON ONLY) US Collagen Builder 1.5 Unflavored 500 g sq tub (20 srv)
Pre-Market,,119025251,"CA AMZ Collagen Building Protein Peptides Unflavored, 500gm"
Active,814784026527,119035011,US Collagen Building Protein Peptides Vanilla 500g tub (20 srv)
Active,814784027913,119035012,US Collagen Builder Organic Tahitian Vanilla 495 g sq tub
Active,814784027586,119035021,CA Joint and Tissue Support Vanilla 500g tub (srv 20)
Active,814784029153,119035031,AU Collagen Building Protein Peptides Tahitian Vanilla 500 g sq tub
Active,814784029689,119035121,SE Collagen Building 1.5 Tahitian Vanilla 500 g sq tub
Active,814784027722,119035141,IL Collagen Builder 1.5 Tahitian Van 500 g sq tub
Active,814784028330,119035151,IN Collagen Building Protein Peptides Tahitian Vanilla 500 g sq tub
Active,814784027869,119035171,MX Collagen Building Protein Peptides Tahitian Vanilla 500 g sq tub
Active,814784026817,119035181,EU Collagen Builder 1.5 Tahitian Van 500 g sq tub
Active,,119035211,(AMAZON ONLY) US Collagen Builder 1.5 Van 500 g sq tub (20 srv)
Active,814784029801,119035231,NP Collagen Building Protein Peptides Tahitian Vanilla 500g Tub (20 srv)
Pre-Market,,119035251,"CA AMZ Collagen Building Protein Peptides Tahitian Vanilla, 500gm"
Active,814784028880,119038012,US Collagen Builder 1.5 Tahitian Vanilla 9.1 kg (20 lb) box
Active,814784028828,119039012,US Collagen Building Protein Peptides Tahitian Vanilla 25 g single serve
Active,814784027791,119065011,US Collagen Building Protein Peptides Salted Caramel 500g tub (20 srv)
Active,814784027852,119065021,CA Joint and Tissue Support Salted Caramel 500g tub (srv 20)
Active,814784029177,119065031,AU Collagen Building Protein Peptides Salted Caramel 500 g sq tub
Active,,119065141,IL Collagen Builder 1.5 Salted Caramel 500 g sq tub
Active,814784029795,119065151,IN Collagen Builder Salted Caramel 500 g sq tub
Active,814784027838,119065181,EU Collagen Builder 1.5 Salted Caramel 500 g sq tub
Pre-Market,,119065251,"CA AMZ Collagen Building Protein Peptides Salted Caramel, 500gm"
Active,814784028415,119515011,US Collagen Building Protein Peptides Churro 500g tub (20 srv)
Active,810100920074,119575011,US Collagen Building Protein Peptides Coffee + Caffeine 500g (20 srv)
Active,810100920869,119875011,US Collagen Building Protein Peptides Coconut Matcha Latte 500g sq tub (20 srv)
Active,810100920135,124165011,US Organic Harvest Peanut Butter Powder 600g tub (50 srv)
Active,814784026923,124411011,US Organic Harvest Hemp Protein 750g tub (25 srv)
Active,814784029283,124411211,(Amazon) US Hemp Protein Organic 750 g sq tub
Active,814784029276,124432211,(Amazon) US Ancient Sea Salt Premium Fine Grade 735 g sq tub
Active,814784029269,124452211,(Amazon) US Cocoa 100% Unsweetened Cocoa Organic 300 g sq tub
Active,814784029870,124472011,US Organic Harvest Beet Root Powder 360g tub (90 srv)
Active,814784029863,124482011,US Organic Harvest Coconut Milk Powder 358g Tub (179 srv)
Active,810100920579,124482141,IL Harvest Coconut Milk Powder 358g (179 srv)
Active,814784029993,124495011,US Organic Harvest Turmeric Powder 490g Tub (490 srv)
Active,814784029986,124502011,US Organic Harvest Chia Seeds 360g Tub (30 srv)
Active,810100920364,124732011,US Organic Harvest Matcha Powder 337.5g tub (225 srv)
Active,814784028408,125022011,US Beauty Greens Unflavored 300g tub (25 srv)
Active,814784028491,125022021,CA Beauty Greens Collagen Booster Unflavoured 300 g sq tub
Active,814784029313,125022211,(Amazon) US Beauty Greens Collagen Booster Unflavored 300 g sq tub
Active,814784027524,125182011,US Beauty Greens Collagen Pina Colada 300g tub (25 srv)
Active,814784027524,125182021,CA Beauty Greens Pina Colada 300 g sq tub
Active,814784027623,127011012,US Shape Lean Superfood Shake Chocolate 720g (20 srv)
Active,,127011182,EU Shape Lean Superfood Shake Chocolate 720g tub (20 srv)
Active,814784028255,127019012,US Shape Lean Superfood Shake Chocolate 36g single serve
Active,814784028637,127031012,US Shape Lean Superfood Shake Vanilla 720g (20 srv)
Active,814784028675,127031182,EU Shape Lean Superfood Shake Vanilla 720g tub (20 srv)
Active,814784028729,127039012,US Shape Lean Superfood Shake Vanilla 36g single serve
Active,814784027630,127061012,US Shape Lean Superfood Shake Salted Caramel 720g (20 srv)
Active,814784028651,127061182,EU Shape Lean Superfood Shake Salted Caramel 720g tub (20 srv)
Active,814784027647,127261012,US Shape Lean Superfood Shake Snickerdoodle 720g (20 srv)
Active,814784028668,127261182,EU Shape Lean Superfood Shake Snickerdoodle 720g tub (20 srv)
Active,814784029818,133002011,US Active Creatine 300g Tub (60 srv)
Active,810100920487,133002021,CA Active Creatine 300g Tub (60 srv)
Active,810100920517,133002141,IL Active Creatine 300g Tub (60 srv)
Active,,133002211,(AMAZON ONLY) US Active Creatine 300g Tub (60 srv) 
Active,,133002251,CA AMZ Active Creatine 300g Tub (60 srv)
Active,810100920340,133003011,Active Protein Blender Bottle Starter Pack
Active,810100921347,133005011,US Active Creatine Unflavored 600g Tub (120 srv)
Active,814784029825,133011011,US Organic Active Protein Chocolate 1kg Tub (20s rv)
Active,,133011171,MX Active Protein Chocolate 1kg tub (20 srv)
Active,814784029948,133019011,US Organic Active Protein Chocolate 50g Single
Active,810100921415,133021011,US Organic Active Protein Unflavored 884g tub
Active,814784029832,133031011,US Organic Active Protein Vanilla 1kg Tub (20 srv)
Active,,133031171,MX Active Protein Vanilla 1kg tub (20 srv)
Active,814784029955,133039011,US Organic Active Protein Vanilla 50g Single
Active,814784029740,133302012,US Active Energy Watermelon Wave 285g Tub (30 srv)
Active,,133312011,"Active Energy, Mango Lemonade, 285gm"
Active,814784029757,133312012,US Active Energy Mango Lemonade 285g Tub (30 srv)
Active,810100921088,133379011,"US Active Hydration single serve , Juicy Pineapple, 7gm"
Active,810100920463,133619011,US Hydration Coconut Berry Single Serve 7g
Active,810100921293,133711011,"US Organic Active Protein Chocolate Peanut Butter, 1kg"
Active,810100921323,133711281,US Organic Active Protein Chocolate Peanut Butter 1kg Tub (20 srv) LTO
Active,810100921316,133719011,"US Organic Active Protein Chocolate Peanut Butter, 50gm"
Active,810100921330,133719281,US Organic Active Protein Chocolate Peanut Butter 50g Single LTO
Active,810100920371,133745011,US Organic Active MCT Oil Powder 360g tub (40 srv)
Active,810100920432,133772011,US Active Energy Strawberry Lemonade 285g Tub (30 srv)
Active,810100920449,133782011,US Active Energy Peachy Mango 285g Tub (30 srv)
Active,810100920166,133832011,"Active Aminos, Mango, 570gm"
Active,810100920159,133842011,"Active Aminos, Dragon Fruit, 570gm"
Active,810100920814,133852011,US Active Creatine Raspberry 350g sq tub (50srv)
Pre-Market,810100921026,133852021,"CA Active Creatine Raspberry, 350g"
Pre-Market,,133852251,"CA AMZ Active Creatine Raspberry, 350gm"
Active,810100920807,133862011,US Active Creatine Lemonade 350g sq tub (50 srv)
Pre-Market,810100921033,133862021,"CA Active Creatine Lemonade, 350gm"
Pre-Market,,133862251,"CA AMZ Active Creatine Lemonade, 350gm"
Active,810100920876,133881011,"US Organic Active Protein Cake Batter, Cake Batter, 1kg"
Active,810100921248,133889011,"US Organic Active Cake Batter Single Serve, 50gm"
Active,810100920890,133902011,"US Active Creatine For Her, Raspberry Elderberry Lemonade, 400gm"
Active,810100921224,133909011,"US Active Creatine For Her Single Serve, Raspberry Elderberry Lemonade, 8gm"
Active,810100920906,133912011,"US Active Creatine For Her, Yuzu Coconut, 370.5gm"
Active,810100921231,133919011,"US Active Creatine For Her Single Serve, Yuzu Coconut, 7gm"
Active,810100921101,133949011,"US Active Hydration single serve , Blue Raspberry, 7gm"
Active,810100921095,133959011,"US Active Hydration single serve , Strawberry Colada, 7gm"
Active,810100920234,138011011,US Shape Collagen Slim Chocolate 750g tub (30 srv)
Active,810100920265,138019011,US Shape Collagen Slim Chocolate 25g Single Serve 
Active,810100920227,138031011,US Shape Collagen Slim Vanilla 750g tub (30 srv)
Active,810100920258,138039011,US Shape Collagen Slim Vanilla 25g Single Serve 
Active,814784028927,138669011,US Shape Core Cleanser Strawberry Cooler 9g Single Serve 
Active,814784029085,138679011,US Shape Core Cleanser Vanilla Pineapple 9g Single Serve
Active,810100920241,138681011,US Shape Collagen Slim Red Velvet Cupcake 750g tub (30 srv)
Active,810100920272,138689011,US Shape Collagen Slim Red Velvet Cupcake 25g Single Serve 
Active,810100920203,139662011,US Shape Core Cleanser Strawberry Cooler 270g (30 srv)
Active,810100920210,139672011,US Shape Core Cleanser Pineapple Vanilla 270g (30 srv)
Active,810100920296,140022011,US Shape Thermo Greens Unflavored 210g tub (30 srv)
Active,810100920302,140702011,US Shape Thermo Greens Green Apple 210g tub (30 srv)
Active,810100920418,142011011,US Organic Collagen Builder Chocolate Fudge 660g tub (20 srv)
Active,810100920470,142021011,US Organic Collagen Builder Unflavored 660g tub (20 srv)
Active,810100920470,142025011,US Organic Collagen Builder Unflavored 660g tub (20 srv)
Active,810100920425,142031011,US Organic Collagen Builder Tahitian Vanilla 660g tub (20 srv)
Active,810100920593,144011011,US Organic Warrior Blend+ Greens Chocolate 750g tub (30 srv)
Active,810100920753,144011021,CA Organic Warrior Blend + Greens Chocolate 750 g sq tub (30 srv)
Active,,144011251,"CA AMZ Organic Warrior Blend + Greens, Chocolate, 750gm"
Active,810100921385,144015011,"US Organic Warrior Blend + Greens, Chocolate, 375gm"
Active,810100920586,144021011,US Organic Warrior Blend+ Greens Unflavored 750g tub (30 srv)
Active,810100920777,144021021,"CA Organic Warrior Blend + Greens, Unflavored, 750gm"
Active,,144021251,"CA AMZ Organic Warrior Blend + Greens, Unflavored, 750gm"
Active,810100921392,144025011,"US Organic Warrior Blend + Greens, Unflavored, 375gm"
Active,810100920609,144031011,"US Organic Warrior Blend+ Greens Vanilla, 750gm"
Active,810100920760,144031021,"CA Organic Warrior Blend + Greens, Vanilla, 750gm"
Active,,144031251,"CA AMZ Organic Warrior Blend + Greens, Vanilla, 750gm"
Active,810100921378,144035011,"US Organic Warrior Blend + Greens, Vanilla, 375gm"
Active,,144811011,US Organic Warrior Blend+ Greens Vanilla Oatmilk Latte 750g tub (30 srv)
Active,810100920791,146015281,"DB Collagen Building Protien Peptides Chocolate Fudge, Chocolate Fudge, 500gm"
Pre-Market,,146025281,"DB Collagen Building Protein Peptides Unflavored, Unflavored, 500gm"
Active,,146035281,"DB Collagen Building Protein Peptides Tahitian Vanilla, Tahitian Vanilla, 500gm"
Active,810100921002,147855011,"US Clear Protein Refresh, Raspberry, 420gm"
Active,810100921422,147855021,"CA Clear Protein Refresh, Raspberry, 420gm"
Active,810100921446,147855181,"EU Clear Protein Refresh, Raspberry, 420gm"
Active,810100921200,147859011,"US Clear Protein Refresh Single Serve, Raspberry, 14gm"
Active,810100921019,147965011,"US Clear Protein Refresh, Pineapple Coconut, 420gm"
Active,810100921439,147965021,"CA Clear Protein Refresh, Pineapple Coconut, 420gm"
Active,810100921453,147965181,"EU Clear Protein Refresh, Pineapple Coconut, 420gm"
Active,810100921217,147969011,"US Clear Protein Refresh Single Serve, Pinapple Coconut, 14gm"
Pre-Market,,148985011,"US Organic Sol Good Protein Bar, Lemon Meringue, 12ct"
Active,810100920142,1020122011,US Organic Warrior Blend Chocolate 2.25 kg bag (90 serve)
Active,814784028682,1020140011,US Warrior Blend Chocolate (32 Serve)
Active,814784029252,1020322211,US Warrior Blend Organic Vanilla 2.25kg bag
Active,814784028699,1020340011,(Amazon) US Warrior Blend Vanilla (32 Serve)
Active,814784028460,1020818205,KR Warrior Blend Organic Berry 825 g sq tub
Active,810100921460,1021125011,"US Organic Warrior Blend, Gingerbread, 375gm"
Active,814784029238,1040221211,(Amazon) US Ormus Supergreens Organic Natural 225 g (7.9 oz) sq tub
Active,814784029245,1040222211,(Amazon) US Ormus Supergreens Organic Natural 450 g (15.8 oz) sq tub
Active,810100920029,1055430011,US Supplements Multi-V 30ct bottle (30 srv)
Active,814784026947,1060033012,US Vitamin Mineral Rush in Aloe 30 fl oz Bottle
Active,1090049011,1090049011,US Harvest Bundle Box
Active,814784028705,1190119011,US Collagen Building Protein Peptides 1.5 Chocolate Fudge (40 Serving)
Active,814784028712,1190319011,US Collagen Building Protein Peptides Tahitian Vanilla (40 Serving)
Active,814784026930,1244217011,US Organic Harvest Goji Berry Fruit Powder 250g tub (25 srv)
Active,814784029139,1250216031,AU Beauty Greens Collagen Booster Unflavored 300 g sq tub
Active,814784029122,1251816031,AU Beauty Greens Collagen Booster Pina Colada 300 g sq tub
Active,,1280030141,IL Collagen Restore & Protect Capsules 30 ct
Active,814784028507,1280039011,"US Collagen Restore & Protect Capsules, 30ct"
Active,814784029290,1280039211,(Amazon) US Collagen 30 count capsules bottle
Active,810100920708,1330122011,US Organic Active Protein 2.25 kg bag Chocolate 
Active,810100920692,1330322011,US Organic Active Protein 2.25 kg bag Vanilla 
Active,810100921156,1331012011,"US Active Pre-Workout Tub, Yuzu Mango, 315gm"
Active,810100921163,1331022011,"US Active Pre-Workout Tub, Blue Raspberry Pineapple, 315gm"
Active,810100921170,1331032011,"US Active Pre-Workout Tub, Watermelon, 315gm"
Active,810100921187,1331042011,"US Active Pre-Workout NON STIM Tub, Yuzu Mango, 315gm"
Active,810100921057,1333747011,"US Active Hydration 126g pouch, Juicy Pineapple, 18ct"
Active,,1336147011,US Hydration Coconut Berry Pouch 210g (30 srv)
Active,810100920395,1336147012,US Hydration Coconut Berry Pouch 210g (30 srv)
Active,810100920531,1336147013,US Active Hydration Coconut Berry 18 stick 126g POP Box(18 srv)
Active,810100920456,1337547012,US Hydration Strawberry Lemon Twist Pouch 210g (30 srv)
Active,810100920548,1337547013,US Active Hydration Strawberry Lemon Twist 18 stick 126g POP Box (18 srv)
Active,810100921071,1339447011,"US Active Hydration 126g pouch, Blue Raspberry, 18ct"
Active,810100921064,1339547011,"US Active Hydration 126g pouch, Strawberry Colada, 18ct"
Active,810100920036,1355530011,US Organic Be Well Mushroom Blend 60ct bottle (30 srv)
Active,810100920067,1355630011,US Organic Be Well Vitamin C Capsule 60ct bottle (30srv)
Active,810100920128,1356030011,US Organic Be Well D3 60ct Bottle (60 srv)
Active,810100920197,1356530011,US Organic Be Well Iodine from Kelp 30ct Bottle (30 srv)
Active,810100920883,1358947011,"US Organic Be Well Prebiotic Fiber, 210gm"
Active,810100920180,1366430011,US Shape Burn Capsules 30ct Bottle (30 srv)
Active,810100920289,1366930011,US Shape Smooth Capsules 30ct Bottle (30 srv)
Pre-Market,,1481005001,"US Organic Sol Good Protein Bar, Cacao Brownie, 12ct"
Active,810100921132,1489850011,"US Organic Sol Good Protein Bar, Lemon Meringue, 12ct"
Pre-Market,810100921125,1489950011,"US Organic Sol Good Protein Bar, Vanilla Cookie, 12ct"
Active,810100921255,13510547011,"US Organic Be Well Matcha Mushroom Powder, 90gm"
Active,810100921262,13510647011,"US Organic Be Well Cacao Powder, 225gm"
Active,810100921279,13510747011,"US Organic Be Well Lion's Mane Mushroom Powder, 150gm"
Active,810100921286,13510847011,"US Organic Be Well Turkey Mushroom Powder, 100gm"
Active,810100921309,13510947011,"US Organic Be Well Golden Milk, 132gm"
Active,810100921514,13611630011,US Shape Berberine 60 ct Bottle (30 srv)
Active,810100921118,14810050011,"US Organic Sol Good Protein Bar, Cacao Brownie, 12ct"
Pre-Market,810100921149,14810150011,US Organic Sol Good Protein Bar Cran-Orange Cobbler 12 ct box
Active,850041746012,61190146011,US Sol Journey Plant-Based Protein Peptides Collagen Chocolate 750g Bag (30 srv)
Active,850041746029,61190346011,US Sol Journey Plant-Based Protein Peptides Collagen Vanilla 750g Bag (30 srv)
Active,,62020346011,US Organic Vitamin Shoppe Vanilla 1kg Tub (20 srv)
Pre-Market,,62330147111,US Organic White Label Vitamin Shoppe Sport Protein Chocolate 2lb Pouch (20 srv) VS-7161
Active,,62330347111,US Organic White Label Vitamin Shoppe Sport Protein Vanilla 2lb Pouch (20 srv) VS-7160
Active,766536046928,62486647111,US Organic White Label Vitamin Shoppe PLNT Core Cleanser Strawberry 270g Pouch (30 srv) VS-4692
Active,766536044337,62488947111,US Organic White Label Vitamin Shoppe PLNT Fiber 210g Pouch (30 srv)
Pre-Market,,62489751111,"US Organic PLNT Energizing Greens round tub, Unflavored, 210gm VS-4690"
Active,,72104901311,US Organic White Label Vitamin Shoppe PLNT Sports Chocolate sample 
Active,,72248975112,"PSL | US Organic PLNT Energizing Greens round tub, Unflavored, 210gm"
Active,,72643004711,"Master Case 19"" x 13.5"" x 6"""
Active,,72902724711,Bag- Organic White Label Vitamin Shoppe Plant Protein Cookies and Cream 2lb
Active,,72933014711,PSL | Vitamin Shoppe Sport Protein Chocolate 2lb Pouch (20 srv)
Active,,72933034711,POUCH | Vitamin Shoppe Sport Protein Vanilla 2lb Pouch (20 srv)
Active,,72943014713,"PSL | PLNT Fitness Chocolate Pouch 9.5""x10.5""x3"" "
Active,,72943034711,PSL - Vitamin Shoppe PLNT Fitness Organic Vanilla pouch (20 srv)
Active,,72943794713,"PSL | PLNT Fitness Vanilla Birthday Cake Pouch 9.5""x10.5""x3"" "
Active,,72948664711,PSL | Vitamin Shoppe PLNT Core Cleanser Strawberry 270g Pouch (30 srv)
Active,,72948894711,PSL | Vitamin Shoppe PLNT Fiber 210g Pouch (30 srv)
Active,,91507508755,Sunwarrior Utah Mountains Trucker Cap
Active,766536052011,623510747111,US Organic White Label Vitamin Shoppe PLNT Lions Mane 150g pouch (60 srv)
Active,766536052035,624810547111,US Organic White Label Vitamin Shoppe PLNT Matcha Mushroom 90g Pouch (30 srv)
Active,,624811047111,US Organic White Label Vitamin Shoppe PLNT Multi-Mushroom 105g pouch (30 srv)
Active,,624811147111,Vitamin Shoppe PLNT Protein Lemon Cookie (30 srv)
Active,,624811247111,Vitamin Shoppe PLNT Protein Gingerbread (30 srv)
Active,718122742196,718122742196,Sample pack Immune Shield (25)
Active,,729351074711,PSL | Vitamin Shoppe PLNT Lions Mane 150g pouch  (60 srv)
Active,,729481054711,PSL | Vitamin Shoppe PLNT Matcha Mushroom 90g Pouch (30 srv)
Active,,729481104711,PSL | Vitamin Shoppe PLNT Multi-Mushroom 105g pouch (30 srv)
Active,,729481114711,PSL | VS PLNT Lemon Cookie (30 srv)
Active,,729481124711,PSL | VS PLNT Gingerbread (30 srv)
Active,,864754411864,Sunwarrior Iconic Rock T-Shirt
Active,,119015012-3,"US Collagen Builder Organic Chocolate Fudge 495 g sq tub, Case of 3"
Active,,119035012-3,"US Collagen Builder Organic Tahitian Vanilla 495 g sq tub, Case of 3"
Active,,3108035011,PSL - US Classic Plus Organic Vanilla 375 g sq tub
Active,,AQUA,
Active,,B,
Active,,BERLIN,
Active,,BEST FRIENDS DONATE,Best Friends Animal Society Donation
Active,,COLLAGEN SLIM,
Active,,COMPONENT Y DRP,
Active,,CO-PACKING,SW Co-Packing Fees